departamento_id,provincia_codigo,top_7_surnames,top_7_origin
014014,14,"{'GONZALEZ': 9426, 'RODRIGUEZ': 9086, 'LOPEZ': 7356, 'DIAZ': 8447, 'GOMEZ': 7623, 'MARTINEZ': 6752, 'SANCHEZ': 8511}","{'ESPAÑOL': 390269, 'ITALIANO': 85585, 'VASCO': 60899, 'FRANCES': 5299, 'ARABE': 4137, 'ALEMAN': 4129, 'BRITÁNICO': 2978}"
014007,14,"{'MARTINEZ': 572, 'LOPEZ': 590, 'GONZALEZ': 400, 'TORRES': 407, 'FERNANDEZ': 342, 'RODRIGUEZ': 420, 'BUSTOS': 366}","{'ESPAÑOL': 14383, 'ITALIANO': 2417, 'VASCO': 2271, 'ALEMAN': 305, 'GERMANICO': 171, 'FRANCES': 134, 'PORTUGUES': 91}"
014021,14,"{'GONZALEZ': 1781, 'RODRIGUEZ': 1558, 'DIAZ': 1443, 'LOPEZ': 1036, 'ROMERO': 1417, 'GOMEZ': 1172, 'MARTINEZ': 1249}","{'ESPAÑOL': 52975, 'ITALIANO': 10459, 'VASCO': 10223, 'ALEMAN': 783, 'FRANCES': 754, 'ARABE': 462, 'NOA': 359}"
014028,14,"{'GONZALEZ': 1272, 'ROMERO': 774, 'DIAZ': 837, 'NIETO': 682.8804, 'FARIAS': 450, 'RODRIGUEZ': 417, 'SANCHEZ': 566}","{'ESPAÑOL': 15583, 'VASCO': 3099, 'ITALIANO': 830, 'NOA': 170, 'ARABE': 166, 'FRANCES': 140, 'SUR': 89}"
014035,14,"{'GONZALEZ': 242, 'RODRIGUEZ': 202, 'GOMEZ': 199, 'DIAZ': 193, 'FERNANDEZ': 216, 'SOSA': 186, 'TORRES': 178}","{'ESPAÑOL': 8723, 'ITALIANO': 3745, 'VASCO': 1480, 'FRANCES': 123, 'IBERICO': 57, 'ALEMAN': 53, 'ARABE': 41}"
014042,14,"{'RODRIGUEZ': 992, 'GONZALEZ': 837, 'LOPEZ': 834, 'FERNANDEZ': 786, 'PEREZ': 620, 'FERREYRA': 508, 'SANCHEZ': 528}","{'ESPAÑOL': 28480, 'ITALIANO': 12630, 'VASCO': 5903, 'FRANCES': 510, 'ALEMAN': 393, 'IBERICO': 268, 'GERMANICO': 216}"
014049,14,"{'RODRIGUEZ': 522, 'QUINTEROS': 403, 'LOPEZ': 399, 'DIAZ': 355, 'MARTINEZ': 223, 'HEREDIA': 234, 'MOYANO': 282}","{'ESPAÑOL': 6814, 'VASCO': 2370, 'ITALIANO': 754, 'NOA': 78, 'FRANCES': 71, 'ESTE EUROPEO': 54, 'BRITÁNICO': 52}"
014056,14,"{'LOPEZ': 409, 'RODRIGUEZ': 403, 'GONZALEZ': 290, 'FERNANDEZ': 271, 'MARTINEZ': 316, 'PEREYRA': 331, 'DIAZ': 245}","{'ESPAÑOL': 9917, 'ITALIANO': 6366, 'VASCO': 2203, 'ALEMAN': 296, 'FRANCES': 267, 'GERMANICO': 100, 'BRITÁNICO': 89}"
014063,14,"{'RODRIGUEZ': 733, 'GONZALEZ': 673, 'DIAZ': 544, 'GOMEZ': 456, 'FERNANDEZ': 437, 'LOPEZ': 392, 'PEREYRA': 304}","{'ESPAÑOL': 19706, 'ITALIANO': 13881, 'VASCO': 4233, 'FRANCES': 606, 'ALEMAN': 271, 'ARABE': 261, 'IBERICO': 212}"
014070,14,"{'ROMERO': 143, 'MALDONADO': 137, 'GONZALEZ': 140, 'DIAZ': 79, 'VELEZ': 149.1048, 'CAMPOS': 70, 'RODRIGUEZ': 74}","{'ESPAÑOL': 1819, 'VASCO': 299, 'PORTUGUES': 47, 'CHINO': 43, 'ITALIANO': 43, 'ARMENIO': 34, 'TIERRAS BAJAS': 18}"
014077,14,"{'OVIEDO': 82, 'GONZALEZ': 108, 'PEREYRA': 99, 'CUELLO': 75.24000000000001, 'GUZMAN': 76, 'ALTAMIRANO': 63, 'GOMEZ': 50}","{'ESPAÑOL': 1735, 'VASCO': 341, 'ARMENIO': 50, 'ITALIANO': 47, 'ANDINO': 41, 'TIERRAS BAJAS': 39, 'HOLANDES': 34}"
014091,14,"{'GONZALEZ': 1792, 'LOPEZ': 1321, 'GOMEZ': 1234, 'RODRIGUEZ': 1080, 'SANCHEZ': 1148, 'DIAZ': 1212, 'PEREZ': 795}","{'ESPAÑOL': 38198, 'ITALIANO': 8510, 'VASCO': 7723, 'ALEMAN': 756, 'FRANCES': 671, 'ARABE': 390, 'IBERICO': 349}"
014098,14,"{'GONZALEZ': 2119, 'RODRIGUEZ': 2000, 'FERNANDEZ': 1653, 'LOPEZ': 1786, 'SOSA': 1582, 'TORRES': 1273, 'GOMEZ': 1096}","{'ESPAÑOL': 59201, 'ITALIANO': 28213, 'VASCO': 9963, 'FRANCES': 1072, 'ALEMAN': 800, 'IBERICO': 533, 'BRITÁNICO': 423}"
014105,14,"{'GONZALEZ': 402, 'SANCHEZ': 402, 'LUDUEÑA': 653.0735, 'DIAZ': 420, 'GUTIERREZ': 266, 'PERALTA': 263, 'GOMEZ': 296}","{'ESPAÑOL': 9849, 'ITALIANO': 3062, 'VASCO': 2446, 'FRANCES': 128, 'ALEMAN': 117, 'ARABE': 59, 'IBERICO': 46}"
014112,14,"{'PERALTA': 189, 'CABRAL': 159, 'DIAZ': 131, 'VILLARREAL': 258.221, 'BELEN': 126.4632, 'VIVAS': 120.916, 'CORDOBA': 112}","{'ESPAÑOL': 4040, 'VASCO': 1310, 'ITALIANO': 161, 'JAPONES': 37, 'AFRICANO': 34, 'ESCANDINAVO': 31, 'FRANCES': 31}"
014119,14,"{'RODRIGUEZ': 840, 'GOMEZ': 838, 'PERALTA': 628, 'GONZALEZ': 577, 'FERREYRA': 573, 'FERNANDEZ': 494, 'DIAZ': 453}","{'ESPAÑOL': 20743, 'ITALIANO': 10876, 'VASCO': 5566, 'FRANCES': 362, 'ALEMAN': 193, 'IBERICO': 179, 'BRITÁNICO': 132}"
014084,14,"{'RODRIGUEZ': 339, 'LOPEZ': 246, 'GONZALEZ': 237, 'PEREZ': 222, 'FERNANDEZ': 236, 'SOSA': 161, 'GOMEZ': 185}","{'ESPAÑOL': 6612, 'ITALIANO': 4064, 'VASCO': 1234, 'ALEMAN': 141, 'FRANCES': 141, 'IBERICO': 101, 'ARABE': 100}"
014126,14,"{'LOPEZ': 907, 'PEREYRA': 478, 'ROMERO': 390, 'OVIEDO': 334, 'ALTAMIRANO': 451, 'GONZALEZ': 423, 'GOMEZ': 313}","{'ESPAÑOL': 13904, 'VASCO': 2199, 'ITALIANO': 839, 'FRANCES': 135, 'ARABE': 50, 'ALEMAN': 50, 'COREANO': 48}"
014133,14,"{'PEREYRA': 551, 'OVIEDO': 742, 'GONZALEZ': 619, 'ROMERO': 447, 'LOPEZ': 480, 'ALTAMIRANO': 453, 'GOMEZ': 455}","{'ESPAÑOL': 16243, 'VASCO': 3293, 'ITALIANO': 1294, 'FRANCES': 143, 'ALEMAN': 102, 'ARABE': 91, 'ESTE EUROPEO': 58}"
014140,14,"{'GONZALEZ': 873, 'FERREYRA': 1141, 'JUAREZ': 891, 'PERALTA': 814, 'PEREZ': 912, 'DIAZ': 870, 'GOMEZ': 730}","{'ESPAÑOL': 36401, 'ITALIANO': 25257, 'VASCO': 9195, 'ALEMAN': 1480, 'FRANCES': 713, 'GERMANICO': 436, 'BRITÁNICO': 325}"
014147,14,"{'LOPEZ': 984, 'MARTINEZ': 746, 'RODRIGUEZ': 983, 'GONZALEZ': 629, 'SANCHEZ': 699, 'DIAZ': 528, 'GOMEZ': 548}","{'ESPAÑOL': 24634, 'VASCO': 6000, 'ITALIANO': 5592, 'FRANCES': 358, 'ALEMAN': 299, 'ARABE': 226, 'NOA': 147}"
014154,14,"{'CORDOBA': 68, 'HERRERA': 82, 'SUAREZ': 61, 'VIVAS': 61.88, 'CAMINOS': 64.1424, 'ORONA': 110.24, 'GOMEZ': 52}","{'ESPAÑOL': 1524, 'VASCO': 309, 'ITALIANO': 62, 'COREANO': 45, 'AFRICANO': 45, 'JAPONES': 32, 'HEBREO': 29}"
014161,14,"{'RODRIGUEZ': 1063, 'FERREYRA': 948, 'LOPEZ': 719, 'GONZALEZ': 746, 'PEREYRA': 844, 'GOMEZ': 741, 'FERNANDEZ': 719}","{'ESPAÑOL': 31206, 'ITALIANO': 11867, 'VASCO': 4094, 'FRANCES': 339, 'ALEMAN': 202, 'ARABE': 192, 'IBERICO': 192}"
014168,14,"{'MOYANO': 277, 'PERALTA': 137, 'DIAZ': 151, 'ROLDAN': 145, 'GONZALEZ': 130, 'GOMEZ': 98, 'RODRIGUEZ': 104}","{'ESPAÑOL': 6739, 'ITALIANO': 1169, 'VASCO': 842, 'FRANCES': 40, 'TAILANDIA': 37, 'COREANO': 36, 'ALEMAN': 33}"
014175,14,"{'BUSTOS': 224, 'SUAREZ': 176, 'CASAS': 130.6032, 'LOPEZ': 139, 'DIAZ': 142, 'RODRIGUEZ': 132, 'QUINTEROS': 108}","{'ESPAÑOL': 4531, 'VASCO': 846, 'ITALIANO': 238, 'ARMENIO': 38, 'COREANO': 38, 'HINDU': 33, 'SUIZOS': 28}"
014182,14,"{'RODRIGUEZ': 811, 'GONZALEZ': 774, 'FERNANDEZ': 477, 'LOPEZ': 589, 'DIAZ': 408, 'GOMEZ': 457, 'PEREZ': 347}","{'ESPAÑOL': 16411, 'ITALIANO': 15616, 'VASCO': 4029, 'ALEMAN': 420, 'FRANCES': 416, 'ARABE': 186, 'BRITÁNICO': 156}"
018021,18,"{'GOMEZ': 7210, 'ROMERO': 4989, 'GONZALEZ': 6025, 'FERNANDEZ': 4360, 'RAMIREZ': 4370, 'SANCHEZ': 3104, 'LOPEZ': 3058}","{'ESPAÑOL': 106260, 'VASCO': 16391, 'ITALIANO': 4459, 'ALEMAN': 1001, 'FRANCES': 892, 'PORTUGUES': 632, 'ARABE': 479}"
018070,18,"{'FERNANDEZ': 1752, 'GOMEZ': 1659, 'GONZALEZ': 1195, 'LOPEZ': 909, 'ROMERO': 1012, 'ESCOBAR': 708, 'MARTINEZ': 830}","{'ESPAÑOL': 23422, 'VASCO': 5168, 'ITALIANO': 2988, 'FRANCES': 468, 'PORTUGUES': 251, 'ALEMAN': 157, 'BRITÁNICO': 138}"
018035,18,"{'FERNANDEZ': 795, 'ROMERO': 796, 'GOMEZ': 574, 'MARTINEZ': 379, 'GONZALEZ': 357, 'LOPEZ': 363, 'AYALA': 322}","{'ESPAÑOL': 12357, 'VASCO': 3187, 'ITALIANO': 1131, 'ALEMAN': 175, 'FRANCES': 97, 'BRITÁNICO': 86, 'PORTUGUES': 69}"
018105,18,"{'GOMEZ': 772, 'GONZALEZ': 590, 'AGUIRRE': 601, 'FERNANDEZ': 452, 'AVALOS': 415, 'MIÑO': 462.21680000000003, 'RAMIREZ': 404}","{'ESPAÑOL': 10394, 'VASCO': 2933, 'ITALIANO': 785, 'FRANCES': 139, 'PORTUGUES': 98, 'ALEMAN': 78, 'BRITÁNICO': 40}"
018049,18,"{'RAMIREZ': 661, 'FERNANDEZ': 580, 'OJEDA': 488, 'GONZALEZ': 447, 'ARANDA': 278, 'MARTINEZ': 267, 'LOPEZ': 342}","{'ESPAÑOL': 10787, 'VASCO': 1694, 'ITALIANO': 825, 'ALEMAN': 168, 'PORTUGUES': 112, 'FRANCES': 69, 'SUR': 27}"
018091,18,"{'FERNANDEZ': 702, 'GOMEZ': 500, 'GONZALEZ': 484, 'LOPEZ': 342, 'ESCOBAR': 210, 'SANCHEZ': 271, 'SEGOVIA': 220}","{'ESPAÑOL': 7294, 'VASCO': 1887, 'ITALIANO': 619, 'PORTUGUES': 57, 'FRANCES': 49, 'COREANO': 43, 'HOLANDES': 37}"
018168,18,"{'FERNANDEZ': 635, 'RODRIGUEZ': 537, 'GONZALEZ': 620, 'GOMEZ': 572, 'GIMENEZ': 411, 'SILVA': 371, 'RIOS': 348}","{'ESPAÑOL': 17258, 'VASCO': 4430, 'ITALIANO': 1048, 'PORTUGUES': 615, 'ALEMAN': 172, 'BRITÁNICO': 144, 'GERMANICO': 143}"
018119,18,"{'FERNANDEZ': 663, 'ROMERO': 568, 'GONZALEZ': 680, 'GOMEZ': 481, 'BENITEZ': 493, 'RODRIGUEZ': 369, 'MIÑO': 428.06399999999996}","{'ESPAÑOL': 13204, 'VASCO': 3006, 'ITALIANO': 1296, 'PORTUGUES': 362, 'ALEMAN': 142, 'IBERICO': 118, 'FRANCES': 118}"
018112,18,"{'ROMERO': 391, 'FERNANDEZ': 362, 'SANCHEZ': 279, 'RAMIREZ': 262, 'BENITEZ': 261, 'RODRIGUEZ': 226, 'GOMEZ': 239}","{'ESPAÑOL': 7902, 'ITALIANO': 2320, 'VASCO': 1351, 'PORTUGUES': 138, 'ALEMAN': 112, 'FRANCES': 101, 'IBERICO': 70}"
018140,18,"{'GOMEZ': 668, 'RODRIGUEZ': 542, 'ROMERO': 458, 'OJEDA': 395, 'RAMIREZ': 283, 'SENA': 223.587, 'SOTO': 312}","{'ESPAÑOL': 4975, 'VASCO': 1402, 'ITALIANO': 182, 'FRANCES': 60, 'TIERRAS BAJAS': 46, 'TAILANDIA': 34, 'SUR': 33}"
018007,18,"{'FERNANDEZ': 509, 'GONZALEZ': 542, 'ROMERO': 319, 'BENITEZ': 393, 'GOMEZ': 322, 'SANCHEZ': 290, 'SANDOVAL': 322}","{'ESPAÑOL': 8332, 'VASCO': 3361, 'ITALIANO': 851, 'ALEMAN': 129, 'FRANCES': 113, 'GERMANICO': 83, 'PORTUGUES': 70}"
018042,18,"{'GOMEZ': 491, 'ROMERO': 376, 'ACEVEDO': 313, 'SANCHEZ': 228, 'RAMIREZ': 240, 'ALEGRE': 166, 'PEREZ': 199}","{'ESPAÑOL': 5931, 'VASCO': 993, 'ITALIANO': 239, 'HOLANDES': 50, 'SUIZOS': 45, 'FRANCES': 37, 'TIERRAS BAJAS': 36}"
018161,18,"{'FERNANDEZ': 374, 'GOMEZ': 326, 'BENITEZ': 235, 'GONZALEZ': 212, 'ALEGRE': 241, 'ROBLEDO': 190.817, 'AQUINO': 203}","{'ESPAÑOL': 5207, 'VASCO': 1577, 'ITALIANO': 380, 'PORTUGUES': 47, 'ALEMAN': 45, 'GRIEGO': 43, 'NOA': 39}"
018063,18,"{'ROMERO': 217, 'GOMEZ': 280, 'RAMIREZ': 230, 'GONZALEZ': 267, 'ESQUIVEL': 438.0928, 'RODRIGUEZ': 194, 'FERNANDEZ': 148}","{'ESPAÑOL': 5468, 'VASCO': 1324, 'ITALIANO': 183, 'PORTUGUES': 69, 'JAPONES': 50, 'JUJUY': 29, 'SUIZOS': 28}"
018126,18,"{'ROMERO': 523, 'FERNANDEZ': 442, 'GONZALEZ': 480, 'GOMEZ': 310, 'RAMIREZ': 259, 'BENITEZ': 245, 'AGUIRRE': 202}","{'ESPAÑOL': 6633, 'VASCO': 1444, 'ITALIANO': 272, 'PORTUGUES': 68, 'FRANCES': 48, 'COREANO': 40, 'GRIEGO': 37}"
018147,18,"{'FERNANDEZ': 182, 'GONZALEZ': 144, 'SILVA': 156, 'ROMERO': 166, 'GOMEZ': 134, 'DIAZ': 98, 'COUTINHO': 155.067}","{'ESPAÑOL': 4882, 'VASCO': 562, 'ITALIANO': 166, 'PORTUGUES': 100, 'IBERICO': 94, 'COREANO': 48, 'BRITÁNICO': 47}"
018028,18,"{'FERNANDEZ': 746, 'RAMIREZ': 345, 'AGUIRRE': 275, 'BENITEZ': 257, 'ROMERO': 245, 'LOPEZ': 200, 'CARDOZO': 210}","{'ESPAÑOL': 4646, 'VASCO': 1937, 'ITALIANO': 185, 'PORTUGUES': 107, 'AFRICANO': 50, 'FRANCES': 22, 'ALEMAN': 16}"
018098,18,"{'FERNANDEZ': 267, 'ROMERO': 180, 'CARDOZO': 168, 'GOMEZ': 143, 'MAIDANA': 182, 'RAMIREZ': 129, 'LUQUE': 133.11}","{'ESPAÑOL': 3864, 'VASCO': 694, 'AFRICANO': 50, 'ARMENIO': 47, 'NOA': 46, 'JAPONES': 35, 'ITALIANO': 34}"
018084,18,"{'OJEDA': 339, 'LOPEZ': 449, 'BENITEZ': 433, 'GONZALEZ': 328, 'GOMEZ': 253, 'MARTINEZ': 276, 'MAIDANA': 299}","{'ESPAÑOL': 9364, 'VASCO': 2000, 'ITALIANO': 652, 'PORTUGUES': 160, 'ALEMAN': 133, 'FRANCES': 81, 'ESTE EUROPEO': 78}"
018175,18,"{'FERNANDEZ': 142, 'SILVA': 112, 'RODRIGUEZ': 114, 'OJEDA': 132, 'VALLEJOS': 88, 'GAUNA': 99, 'BENITEZ': 88}","{'ESPAÑOL': 2061, 'VASCO': 1039, 'ITALIANO': 141, 'NOA': 48, 'SUR': 47, 'AFRICANO': 45, 'CHINO': 41}"
018133,18,"{'ROMERO': 345, 'GOMEZ': 237, 'RAMIREZ': 225, 'GONZALEZ': 272, 'GAUNA': 155, 'LOPEZ': 133, 'TOLEDO': 123}","{'ESPAÑOL': 4957, 'VASCO': 897, 'ITALIANO': 220, 'FRANCES': 63, 'GRIEGO': 44, 'HINDU': 36, 'ALEMAN': 29}"
018056,18,"{'GONZALEZ': 238, 'GOMEZ': 136, 'ROMERO': 149, 'SILVA': 91, 'BUERA': 73.34599999999999, 'FERNANDEZ': 93, 'NAVARRO': 87}","{'ESPAÑOL': 2311, 'VASCO': 714, 'ITALIANO': 107, 'PORTUGUES': 83, 'ARMENIO': 49, 'ALEMAN': 49, 'HOLANDES': 47}"
018154,18,"{'RAMIREZ': 139, 'ROMERO': 162, 'GOMEZ': 157, 'FERNANDEZ': 148, 'RODRIGUEZ': 136, 'AGUIRRE': 145, 'GONZALEZ': 142}","{'ESPAÑOL': 3626, 'VASCO': 1165, 'ITALIANO': 90, 'SUIZOS': 49, 'HOLANDES': 46, 'ARMENIO': 46, 'PORTUGUES': 33}"
018077,18,"{'GONZALEZ': 221, 'RAMIREZ': 145, 'GOMEZ': 150, 'TORRES': 134, 'MACIEL': 124.51240000000001, 'FERNANDEZ': 145, 'BARRIOS': 107}","{'ESPAÑOL': 2943, 'VASCO': 570, 'ITALIANO': 148, 'TAILANDIA': 45, 'FRANCES': 31, 'SUR': 29, 'HINDU': 26}"
018014,18,"{'GOMEZ': 60, 'ROMERO': 46, 'MOLINA': 46, 'CUENCA': 33.4152, 'RODRIGUEZ': 34, 'GONZALEZ': 37, 'RAMIREZ': 41}","{'ESPAÑOL': 797, 'VASCO': 125, 'TAILANDIA': 50, 'TIERRAS BAJAS': 44, 'GERMANICO': 33, 'ESTE EUROPEO': 30, 'HINDU': 26}"
